id;localFolder
320;320. NOU_Reorg_Corporate FDP (02)
321;321. NOU_Reorg_Pactes (Dutreil et autres) (02)
322;322. NOU_Reorg_Donations  (02)
323;323. NOU_Reorg_Holding CNVX_apport titres post donation (02)
324;324. NOU_Reorg_Holding JNVX_apport titres post donation (02)
325;325. NOU_Reorg_Holding MNVX_apport titres post donation (02)
326;326. NOU_Reorg_Holding ENVX_apport titres post donation (02)
327;327. NOU_Reorg_LM_Exploitation perenit√© et controle structure (02)
328;328. BEM_Constitution_Groupe
329;329. PIR_Div_Expertise